"Állítsd össze saját ÚJ GAMER PC-d, Office, Munka PC-d -Rendelésre, Egyedi PC Összeállítás – Előresorolt hirdetés",https://hardverapro.hu/apro/allitsd_ossze_sajat_uj_gamer_pc-d_office_munka_pc_nn8t/hsz_1-50.html,https://cdn.rios.hu/dl/uad/2022-05/5590679/gkasngf.jpg
Dell Latitude Lenovo Thinkpad Üzleti Prémium Laptopok Széles Választéka Hivatalos Kereskedőtől – 35 perce,https://hardverapro.hu/apro/dell_latitude_lenovo_thinkpad_uzleti_premium_lapto_2/hsz_1-50.html,https://cdn.rios.hu/dl/uad/2020-02/4575477/1200px-dell_logo_svg.png
Lenovo Legion Y540 alkatrésznek – 2 órája,https://hardverapro.hu/apro/lenovo_legion_y540_alkatresznek/hsz_1-50.html,https://cdn.rios.hu/dl/uad/2022-09/5743334/1664459117191.jpg
Hyperx cloud stinger 3.5 mm vezetékes Headset Fekete eladó – 2 órája,https://hardverapro.hu/apro/hyperx_cloud_stinger_3_5_mm_vezetekes_headset_feke_3/hsz_1-50.html,https://cdn.rios.hu/dl/uad/2022-10/5765608/img_20220114_135608_1.jpg
Oral-B Genius X fogkefe tok – 2 órája,https://hardverapro.hu/apro/oral-b_genius_x_fogkefe_tok/hsz_1-50.html,https://cdn.rios.hu/dl/uad/2022-10/5766177/oral-b-genius-x-feher-sensi-fejjel-premium-elektro.png
(ingyen elvihető) TP-LINK TL-WR741ND Vezeték nélküli router – 2 órája,https://hardverapro.hu/apro/ingyen_elviheto_tp-link_tl-wr741nd_vezetek_nelkuli/hsz_1-50.html,https://cdn.rios.hu/dl/uad/2022-10/5765730/tl-wr741nd_un_v1_274_large_5_00_20150811104042.jpg
GAMER PC - Geforce GTX 1660 SUPER 6GB GDDR6 - i5 9400F - 450GB Kingston SSD + 1TB Toshiba HDD – 3 órája,https://hardverapro.hu/apro/gamer_pc_geforce_gtx_1660_super_6gb_gddr6_i5_9400f/hsz_1-50.html,https://cdn.rios.hu/dl/uad/2022-04/5549534/277968530_692184405430673_8536551940988893090_n.jpg
"NUKI Smart Lock 3.0 - okoszár voucher, 30 euro kedvezmény – 4 órája",https://hardverapro.hu/apro/nuki_smart_lock_3_0_okoszar_voucher_30_euro_kedvez_6/hsz_1-50.html,https://cdn.rios.hu/dl/uad/2022-09/5740722/nuki-smart-lock-3-0-014463594-product_zoom.jpg
Fórumok listája – 5 órája,https://hardverapro.hu/apro/forumok_listaja/hsz_1-50.html,https://cdn.rios.hu/dl/uad/2022-10/5747371/forumok.PNG
Számítógép karbantartás INGYEN /és/ Profi CPU Delid-Relid – 5 órája,https://hardverapro.hu/apro/szamitogep_karbantartas_cpu_delid-relid/hsz_1-50.html,https://cdn.rios.hu/dl/uad/2022-09/5716924/287536059_1103640153833420_356123223700512195_n.jpg
"Pécsen Laptop, PC, tablet szerviz . Új és használt PC és laptop adás-vétel. – 5 órája",https://hardverapro.hu/apro/pecsen_laptop_pc_tablet_szerviz_uj_es_hasznalt_pc/hsz_1-50.html,https://cdn.rios.hu/dl/uad/2022-05/5578026/ettermes_hirdetes.jpg
"gyűjtői cuccok, steelbook, artbook, collectors, press kit, PS3, PS4, PS5 – 5 órája",https://hardverapro.hu/apro/gyujtoi_cuccok_ps4_steelbook_artbook_guide_collect/hsz_1-50.html,https://cdn.rios.hu/dl/uad/2022-08/5695478/dsc_0738.JPG
"Apple Macbook iMac Mac alaplap javítás hibás alkatrészek cseréje - Ingyenes bevizsgálással, futárral – 5 órája",https://hardverapro.hu/apro/apple_macbook_imac_mac_alaplap_javitas_hibas_alkat_2/hsz_1-50.html,https://cdn.rios.hu/dl/uad/2021-10/5294274/szorolapfekvo.jpg
Xiaomi Redmi Note 9 s/9Pro/9Pro Max - kemény hátlap – 6 órája,https://hardverapro.hu/apro/xiaomi_redmi_note_9_s_9pro_9pro_max_kemeny_hatlap/hsz_1-50.html,https://cdn.rios.hu/dl/uad/2022-10/5754787/xiaomi-redmi-note-9-s-9pro-9pro-max-cdeb_1_big.jpg
"INGYENESEN ELVIHETŐ 21 DARAB TOK - iPhone, Samsung, Huawei - EGYBEN – 12 órája",https://hardverapro.hu/apro/ingyenesen_elviheto_21_darab_tok_iphone_samsung_hu/hsz_1-50.html,https://cdn.rios.hu/dl/uad/2022-10/5754299/image2_1.jpeg
HP 365W tápegység - Model: API4PC44 - Ingyen – 13 órája,https://hardverapro.hu/apro/hp_365w_tapegyseg_model_api4pc44_ingyen/hsz_1-50.html,https://cdn.rios.hu/dl/uad/2022-10/5756545/e826d24d-4621-4ed7-858f-9367b7ac2484.jpeg
Ingyen vihető kb 60db használt slim cd tok – 15 órája,https://hardverapro.hu/apro/ingyen_viheto_kb_60db_hasznalt_slim_cd_tok/hsz_1-50.html,https://cdn.rios.hu/dl/uad/2022-10/5745427/box21_1.jpg
DVD-RW lemez 2 db ingyen elvihető – 15 órája,https://hardverapro.hu/apro/dvd-rw_lemez_2_db_ingyen_elviheto/hsz_1-50.html,https://cdn.rios.hu/dl/uad/2022-10/5765749/tdk-dvd-rw-47gb-4x-327027.jpg
ATX táp 400watt – 18 órája,https://hardverapro.hu/apro/atx_tap_350watt_2/hsz_1-50.html,https://cdn.rios.hu/dl/uad/2022-09/5732412/img_20220907_183103.jpg
"Számítógépek ,laptopok, routerek telepítése, beállítása, javítása kedvező áron! – 19 órája",https://hardverapro.hu/apro/szamitogepek_laptopok_routerek_telepitese_beallita_2/hsz_1-50.html,https://cdn.rios.hu/dl/uad/2022-10/5749339/nevtelen.png
INGYEN ELVIHETŐ! Kingston 2GB PC2-6400 DDR2-800MHz INGYEN ELVIHETŐ! – 21 órája,https://hardverapro.hu/apro/kingston_2gb_pc2-6400_ddr2-800mhz_3/hsz_1-50.html,https://cdn.rios.hu/dl/uad/2022-10/5765239/kvr800d2n6-2g-lg.jpg
Új garanciás konzol(ok) kedvezménnyel! – 24 órája,https://hardverapro.hu/apro/uj_garancias_konzol_ok_kedvezmennyel/hsz_1-50.html,https://cdn.rios.hu/dl/uad/2022-10/5762236/81b22af9-ceae-42fc-a90d-d43073c7a112.jpeg
Új garanciás videókártyák kedvezménnyel! – 24 órája,https://hardverapro.hu/apro/uj_garancias_videokartyak_kedvezmennyel/hsz_1-50.html,https://cdn.rios.hu/dl/uad/2022-10/5762230/b4c33d0d-bc1a-455e-bc8d-d45584a0d943.webp
Hibàs/törött Acer e442 – 24 órája,https://hardverapro.hu/apro/hibas_torott_acer_e442/hsz_1-50.html,https://cdn.rios.hu/dl/uad/2022-10/5764918/img_20221016_103153.jpg
Új garanciás telefon(ok) kedvezménnyel! – 24 órája,https://hardverapro.hu/apro/uj_garancias_telefon_ok_kedvezmennyel/hsz_1-50.html,https://cdn.rios.hu/dl/uad/2022-10/5762224/6d24f70b-9e70-4b96-8784-c147ccafc052.png
ÚJ Garanciás Laptop(ok) kedvezménnyel! – 24 órája,https://hardverapro.hu/apro/uj_garancias_laptop_ok_kedvezmennyel/hsz_1-50.html,https://cdn.rios.hu/dl/uad/2022-10/5762214/46e16e0e-1e40-448c-8f62-ff85ea88626a.jpeg
Atari 2600 klón – 1 napja,https://hardverapro.hu/apro/atari_2600_klon_4/hsz_1-50.html,https://cdn.rios.hu/dl/uad/2022-10/5764748/20221015_192631.jpg
Könnyen megjegyezhető telefonszám / hívószám - SIM Kártya - Yettel / Telekom / Vodafone – 1 napja,https://hardverapro.hu/apro/konnyen_megjegyezheto_telefonszam_hivoszam_sim_kar/hsz_1-50.html,https://cdn.rios.hu/dl/uad/2022-09/5741911/image_1.png
Dell U2312HM hibás – 1 napja,https://hardverapro.hu/apro/dell_u2312hm_hibas_3/hsz_1-50.html,https://cdn.rios.hu/dl/uad/2022-10/5764653/51rpyrvizcl_ac_sy580.jpg
Ingyen elvihető bútorok – 1 napja,https://hardverapro.hu/apro/ingyen_elviheto_butorok_7/hsz_1-50.html,https://cdn.rios.hu/dl/uad/2022-09/5734448/308116457_352468877025150_417334909371739135_n.jpg
Harry Potter matricak – 2 napja,https://hardverapro.hu/apro/harry_potter_matricak/hsz_1-50.html,https://cdn.rios.hu/dl/uad/2022-10/5764208/e61ec119-ae52-4fe2-8c51-ca674e0b2ed5.jpeg
"IBM ThinkVision C190 19"" CRT monitor – 2 napja",https://hardverapro.hu/apro/ibm_thinkvision_c190_19_crt_monitor/hsz_1-50.html,https://cdn.rios.hu/dl/uad/2022-09/5738061/20220825_134409.jpg
ingyen elvihető könyvek – 2 napja,https://hardverapro.hu/apro/ingyen_elviheto_konyvek_7/hsz_1-50.html,https://cdn.rios.hu/dl/uad/2022-10/5755352/ian_fleming_james_bond_a_gyemant_orok.jpg
Razer phone 2 – 2 napja,https://hardverapro.hu/apro/razer_phone_2_5/hsz_1-50.html,https://cdn.rios.hu/dl/uad/2022-10/5756791/razer-phone-2-review-8.jpg
Philips - Panasonic képcső (80cm) jó állapotban – 3 napja,https://hardverapro.hu/apro/philips_panasonic_kepcso_80cm_jo_allapotban/hsz_1-50.html,https://cdn.rios.hu/dl/uad/2022-09/5732800/mg_2038.JPG
"TÉNYLEG INGYEN, 80-90%-os 1 darab Autógumi, BFGOODRICH g-Grip ALL Season 2 generációs. 4 évszakos. – 3 napja",https://hardverapro.hu/apro/2_darab_autogumi_bfgoodrich_g-grip_all_season_2_ge/hsz_1-50.html,https://cdn.rios.hu/dl/uad/2022-09/5729324/img_20220916_131155.jpg
"Eladó optikai patch kábel, sfp hp szerverkhez – 3 napja",https://hardverapro.hu/apro/elado_optikai_patch_kabel_sfp_hp_szerverkhez_3/hsz_1-50.html,https://cdn.rios.hu/dl/uad/2022-10/5757057/20220811_114538.jpg
"CW-29Z418P 29""/72 centis síkképernyős 100Hz CRT tévé ingyen elvihető – 3 napja",https://hardverapro.hu/apro/cw-29z418p_29_72_centis_sikkepernyos_100hz_crt_tev/hsz_1-50.html,https://cdn.rios.hu/dl/uad/2022-09/5740053/samsung_cw-29z418p_72_cm_sikkepcsoves_100hz_tv.jpg
Több mint 18 éve működő konzol szaküzlet és szerviz – 3 napja,https://hardverapro.hu/apro/tobb_mint_18_eve_mukodo_konzol_szakuzlet_es_szervi_3/hsz_1-50.html,https://cdn.rios.hu/dl/uad/2022-10/5748247/1_nagyitott.jpg
"Ingyenes állapotfelmérés, kedvezményes fogászati ellátás – 3 napja",https://hardverapro.hu/apro/kedvezmenyes_fogaszati_ellatas_3/hsz_1-50.html,https://cdn.rios.hu/dl/uad/2022-09/5738843/dentist.jpg
Kedvezményes fogászati ellátás – 3 napja,https://hardverapro.hu/apro/kedvezmenyes_fogaszati_ellatas/hsz_1-50.html,https://cdn.rios.hu/dl/uad/2022-09/5733536/dentist.jpg
BeQuiet StraightPower 480W tápegység – 3 napja,https://hardverapro.hu/apro/bequiet_straightpower_480w_tapegyseg/hsz_1-50.html,https://cdn.rios.hu/dl/uad/2022-10/5762257/f36176d5-3a74-4b1d-bc57-fc4c6d17d2de.jpeg
iPhone 12 pro max Yettel és decemberben függetleníthető! – 3 napja,https://hardverapro.hu/apro/iphone_12_pro_max_yettel_es_decemberben_fuggetleni/hsz_1-50.html,https://cdn.rios.hu/dl/uad/2022-10/5762128/328a6be8-f3b8-4b07-915a-af19defa5812.jpeg
Ingyen elvihető LG Studioworks 575N – 4 napja,https://hardverapro.hu/apro/ingyen_elviheto_lg_studioworks_575n/hsz_1-50.html,https://cdn.rios.hu/dl/uad/2022-10/5755144/dsc_2330.JPG
Samsung SyncMaster 753DFX Ingyen elvihető – 4 napja,https://hardverapro.hu/apro/samsung_syncmaster_753dfx_ingyen_elviheto/hsz_1-50.html,https://cdn.rios.hu/dl/uad/2022-10/5755172/dsc_2334.JPG
Hp825c és Hp7260 vihető! – 5 napja,https://hardverapro.hu/apro/hp825c_es_hp7260_viheto/hsz_1-50.html,https://cdn.rios.hu/dl/uad/2022-10/5759990/092739.jpg
Strix 1060 és Ryzen 5 doboz – 5 napja,https://hardverapro.hu/apro/strix_1060_es_ryzen_5_doboz_2/hsz_1-50.html,https://cdn.rios.hu/dl/uad/2022-09/5729969/299845746_1076469469661876_4166305200712973663_n.jpg
