"Dísztárcsa --- 14"", Versaco, GTX carbon, ezüst, ÚJ, bontatlan csomagolás – 4 perce",https://hardverapro.hu/apro/disztarcsa_14_versaco_gtx_carbon_ezust_uj_bontatla/hsz_1-50.html,https://cdn.rios.hu/dl/uad/2022-10/5767256/986304936_versaco-disztarcsa-garnitura-14-gtx-carb.jpg
SteelSeries Xai doboz – 8 órája,https://hardverapro.hu/apro/steelseries_xai_doboz/hsz_1-50.html,https://cdn.rios.hu/dl/uad/2022-10/5771967/steelseries_xai_doboz1.jpg
Robi 50 rotakapa karburátor ingyen elvihető. – 9 órája,https://hardverapro.hu/apro/robi_50_rotakapa_karburator_ingyen_elviheto/hsz_1-50.html,https://cdn.rios.hu/dl/uad/2022-11/5786654/20221002_112232.jpg
ABC Type 410 retro NDK-s masszírozó gép ingyen elvihető. – 9 órája,https://hardverapro.hu/apro/abc_type_410_retro_ndk-s_masszirozo_gep_ingyen_elv/hsz_1-50.html,https://cdn.rios.hu/dl/uad/2022-11/5786657/312613369_800790120978185_7560525295054300513_n.jpg
Predom - Metrix W 202PN lengyel gyártmányú retro szobai ventilátor ingyen elvihető. – 9 órája,https://hardverapro.hu/apro/predom_metrix_w_202pn_lengyel_gyartmanyu_retro_szo/hsz_1-50.html,https://cdn.rios.hu/dl/uad/2022-11/5786662/312839271_800790947644769_5987639261343479623_n.jpg
Bontott 28-as és 26-os kerékpár sárvédők ingyen elvihetőek. – 9 órája,https://hardverapro.hu/apro/bontott_28-as_es_26-os_kerekpar_sarvedok_ingyel_el/hsz_1-50.html,https://cdn.rios.hu/dl/uad/2022-11/5786672/dscf8684.JPG
Riga motorkerékpár hátsó teleszkópok ingyen elvihetőek. – 9 órája,https://hardverapro.hu/apro/riga_motorkerekpar_hatso_teleszkopok_ingyen_elvihe/hsz_1-50.html,https://cdn.rios.hu/dl/uad/2022-11/5786678/riga_hatso_teleszkopok_511162191311191.jpg
"Retro nagypárna huzat, új bontatlan csomagolásban ingyen elvihető. – 9 órája",https://hardverapro.hu/apro/retro_nagyparna_huzat_uj_bontatlan_csomagolasban_i/hsz_1-50.html,https://cdn.rios.hu/dl/uad/2022-11/5786688/retro-nagyparna-huzat-uj-1ft-nma-17fb_1_big.jpg
"Apple Macbook iMac Mac alaplap javítás hibás alkatrészek cseréje - Ingyenes bevizsgálással, futárral – 9 órája",https://hardverapro.hu/apro/apple_macbook_imac_mac_alaplap_javitas_hibas_alkat_2/hsz_1-50.html,https://cdn.rios.hu/dl/uad/2021-10/5294274/szorolapfekvo.jpg
"gyűjtői cuccok, steelbook, artbook, collectors, press kit, PS3, PS4, PS5 – 9 órája",https://hardverapro.hu/apro/gyujtoi_cuccok_ps4_steelbook_artbook_guide_collect/hsz_1-50.html,https://cdn.rios.hu/dl/uad/2022-08/5695478/dsc_0738.JPG
Gépház + mindenféle – 10 órája,https://hardverapro.hu/apro/gephaz_mindenfele/hsz_1-50.html,https://cdn.rios.hu/dl/uad/2022-10/5782905/dsc_0263.JPG
BÁNYÁSZ RIG OPTIMALIZÁLÁS // ETH MERGE // MINDEN AMI MINING... – 11 órája,https://hardverapro.hu/apro/banyasz_rig_optimalizalas_hive_os_bios_mod_flash_l_6/hsz_1-50.html,https://cdn.rios.hu/dl/uad/2022-07/5642859/themerge_cover.jpg
GAMER PC - Geforce GTX 1660 SUPER 6GB GDDR6 - i5 9400F - 450GB Kingston SSD + 1TB Toshiba HDD – 11 órája,https://hardverapro.hu/apro/gamer_pc_geforce_gtx_1660_super_6gb_gddr6_i5_9400f/hsz_1-50.html,https://cdn.rios.hu/dl/uad/2022-04/5549534/277968530_692184405430673_8536551940988893090_n.jpg
"Eladó optikai patch kábel, sfp hp szerverkhez – 13 órája",https://hardverapro.hu/apro/elado_optikai_patch_kabel_sfp_hp_szerverkhez_3/hsz_1-50.html,https://cdn.rios.hu/dl/uad/2022-10/5757057/20220811_114538.jpg
"Táphibás!! LG TV/Monitor 22"" – 15 órája",https://hardverapro.hu/apro/taphibas_lg_tv_monitor_22/hsz_1-50.html,https://cdn.rios.hu/dl/uad/2022-10/5784890/313194500_529202188628041_5164623766164510135_n.jpg
Motorola Moto G1 és G2 alkatrészek ingyen – 15 órája,https://hardverapro.hu/apro/motorola_moto_g1_es_g2_alkatreszek_ingyen/hsz_1-50.html,https://cdn.rios.hu/dl/uad/2022-10/5768418/img_20221018_172929.jpg
PC házak csokira cserélhetőek! – 15 órája,https://hardverapro.hu/apro/pc_hazak_csokira_cserelhetoek/hsz_1-50.html,https://cdn.rios.hu/dl/uad/2022-08/5682516/20220811_171419.jpg
INGYEN ELVIHETŐ alaplap CPU webcam – 15 órája,https://hardverapro.hu/apro/alaplap_gephaz_komplett_gep_router_hifi_vegyesen/hsz_1-50.html,https://cdn.rios.hu/dl/uad/2022-05/5583479/img_20220331_154155.jpg
HONOR 20 LITE KIJELZŐ – 15 órája,https://hardverapro.hu/apro/honor_20_lite_kijelzo/hsz_1-50.html,https://cdn.rios.hu/dl/uad/2022-10/5775723/huawei-honor-10-lite-10i-20-lite-20i-fekete-lcd-ki.jpg
JÓTÉKONYSÁGI CÉLRA ingyen elvihető - Új női nadrág ruhacsomag DC Oakley Fundango – 16 órája,https://hardverapro.hu/apro/jotekonysagi_celra_ingyen_elviheto_uj_noi_nadrag_r/hsz_1-50.html,https://cdn.rios.hu/dl/uad/2022-10/5783993/nadrag_6_oakley_noi2.jpg
"Telepítés,karbantartás, gép gyorsítás-lassan lejár a win 8 támogatás – 16 órája",https://hardverapro.hu/apro/telepites_karbantartas_gep_gyorsitas-lassan_lejar/hsz_1-50.html,https://cdn.rios.hu/dl/uad/2022-10/5779755/1.jpg
Csokiért vihető PS4/PS5 gyári Sony Wireless Stereo Headset – 16 órája,https://hardverapro.hu/apro/csokiert_viheto_ps4_ps5_gyari_sony_wireless_stereo/hsz_1-50.html,https://cdn.rios.hu/dl/uad/2022-11/5786514/ps4-wireless-stereo-headset-008.jpg
"Retró PC alkatrészek, dolgok, padlásról - ingyen – 16 órája",https://hardverapro.hu/apro/retro_pc_alkatreszek_dolgok_padlasrol_ingyen/hsz_1-50.html,https://cdn.rios.hu/dl/uad/2022-11/5787287/audio2_img_20221101_170911.jpg
INGYEN ELVIHETŐ Canon Digital IXUS 80 IS -HIBÁS- – 17 órája,https://hardverapro.hu/apro/canon_digital_ixus_80_is_hibas_3/hsz_1-50.html,https://cdn.rios.hu/dl/uad/2022-10/5752909/dsc00256.JPG
"NUKI Smart Lock 3.0 - okoszár voucher, 30 euro kedvezmény – 18 órája",https://hardverapro.hu/apro/nuki_smart_lock_3_0_okoszar_voucher_30_euro_kedvez_7/hsz_1-50.html,https://cdn.rios.hu/dl/uad/2022-10/5777677/nuki-smart-lock-3-0-014463594-product_zoom.jpg
Xiaomi Redmi Note 9 s/9Pro/9Pro Max - kemény hátlap – 21 órája,https://hardverapro.hu/apro/xiaomi_redmi_note_9_s_9pro_9pro_max_kemeny_hatlap/hsz_1-50.html,https://cdn.rios.hu/dl/uad/2022-10/5754787/xiaomi-redmi-note-9-s-9pro-9pro-max-cdeb_1_big.jpg
Huawei P40 Pro gyári kamera szett – 22 órája,https://hardverapro.hu/apro/huawei_p40_pro_gyari_kamera_szett/hsz_1-50.html,https://cdn.rios.hu/dl/uad/2022-11/5786858/screenshot_20220823_111803.jpeg
Vegyes garázsvásár – 22 órája,https://hardverapro.hu/apro/vegyes_garazsvasar/hsz_1-50.html,https://cdn.rios.hu/dl/uad/2022-11/5786847/screenshot_20220823_124541.jpeg
"Autós fejegység 2DIN-es, kijelző sérült – 22 órája",https://hardverapro.hu/apro/autos_fejegyseg_2din-es_kijelzo_serult/hsz_1-50.html,https://cdn.rios.hu/dl/uad/2022-11/5786815/unicars-eagle2d7-autoradio-2-din-7-touch.jpeg
Ingyen elvihető LG Studioworks 575N – 1 napja,https://hardverapro.hu/apro/ingyen_elviheto_lg_studioworks_575n/hsz_1-50.html,https://cdn.rios.hu/dl/uad/2022-10/5755144/dsc_2330.JPG
Lenco Rajztábla - Ingyen elvihető – 1 napja,https://hardverapro.hu/apro/lenco_rajztabla/hsz_1-50.html,https://cdn.rios.hu/dl/uad/2022-10/5755180/dsc_2336.JPG
Samsung SyncMaster 753DFX Ingyen elvihető – 1 napja,https://hardverapro.hu/apro/samsung_syncmaster_753dfx_ingyen_elviheto/hsz_1-50.html,https://cdn.rios.hu/dl/uad/2022-10/5755172/dsc_2334.JPG
Suzuki Swift pót izzó és biztosíték készlet – 1 napja,https://hardverapro.hu/apro/suzuki_swift_pot_izzo_es_biztositek_keszlet/hsz_1-50.html,https://cdn.rios.hu/dl/uad/2022-11/5787499/1667330048305.jpg
Sony discman – 1 napja,https://hardverapro.hu/apro/sony_discman_3/hsz_1-50.html,https://cdn.rios.hu/dl/uad/2022-11/5787495/1667330048346.jpg
Ipari HD érintőképernyő – 1 napja,https://hardverapro.hu/apro/ipari_hd_erintokepernyo/hsz_1-50.html,https://cdn.rios.hu/dl/uad/2022-11/5787024/img_20221101_153220.jpg
Fujitsu Siemens AMILO Pro V3505 – 2 napja,https://hardverapro.hu/apro/fujitsu_siemens_amilo_pro_v3505_ooqm/hsz_1-50.html,https://cdn.rios.hu/dl/uad/2022-11/5786303/img_20220108_112354.jpg
Toshiba Satellite A50-106 – 2 napja,https://hardverapro.hu/apro/toshiba_satellite_a50-106_5/hsz_1-50.html,https://cdn.rios.hu/dl/uad/2022-11/5786309/dsc5777.JPG
SK Hynix 2GB 1Rx8 DDR3 1333MHz SO-DIMM – 2 napja,https://hardverapro.hu/apro/sk_hynix_2gb_1rx8_ddr3_1333mhz_so-dimm/hsz_1-50.html,https://cdn.rios.hu/dl/uad/2022-11/5786360/ram.jpg
"Ingyen elvihető, hiányos/rossz PC játékok – 2 napja",https://hardverapro.hu/apro/ingyen_elviheto_hianyos_rossz_pc_jatekok/hsz_1-50.html,https://cdn.rios.hu/dl/uad/2022-11/5786289/dscn4980.JPG
RÉGI GÉPHÁZ – 3 napja,https://hardverapro.hu/apro/regi_gephaz_3/hsz_1-50.html,https://cdn.rios.hu/dl/uad/2022-10/5783857/313374830_1224634248394699_1655873363799119589_n.jpg
"Számítógép összszerelést, átépítést, javítást vállalok! – 4 napja",https://hardverapro.hu/apro/szamitogep_osszszerelest_atepitest_javitast_vallal_2/hsz_1-50.html,https://cdn.rios.hu/dl/uad/2022-10/5782926/kep_2022-10-29_154953989.png
HP 365W tápegység - Model: API4PC44 - Ingyen – 4 napja,https://hardverapro.hu/apro/hp_365w_tapegyseg_model_api4pc44_ingyen/hsz_1-50.html,https://cdn.rios.hu/dl/uad/2022-10/5756545/e826d24d-4621-4ed7-858f-9367b7ac2484.jpeg
RS-232 soros link kábel serial link AT link XT link null modem DIN5 DIN 5 billentyűzet LPT nyomtató – 5 napja,https://hardverapro.hu/apro/rs-232_soros_link_kabel_serial_link_at_link_xt_lin/hsz_1-50.html,https://cdn.rios.hu/dl/uad/2022-10/5782578/roline_rs_232_db_9_anya_anya_1_8m.jpg
Végkiárú! – 6 napja,https://hardverapro.hu/apro/vegkiaru/hsz_1-50.html,https://cdn.rios.hu/dl/uad/2022-10/5781567/313200252_910354519934357_8701287005121981635_n.jpg
Eladó! Használt asztali pc! Alkatrésznek is akár. – 7 napja,https://hardverapro.hu/apro/elado_hasznalt_asztali_pc_alkatresznek_is_akar/hsz_1-50.html,https://cdn.rios.hu/dl/uad/2022-10/5780421/img_20211223_092558_resized_20220826_013634896.jpg
Zanussi hűtőgép - ingyen elvihető – 7 napja,https://hardverapro.hu/apro/zanussi_hutogep_ingyen_elviheto/hsz_1-50.html,https://cdn.rios.hu/dl/uad/2022-10/5779958/img_20221027_060302.jpg
HardverApró Ingyenes hirdetés kereső – 1 hete,https://hardverapro.hu/apro/hardverapro_ingyenes_hirdetes_kereso/hsz_1-50.html,https://cdn.rios.hu/dl/uad/2022-10/5768597/8d6bfc51-c59b-4e48-ab1c-3ffb2bb576a5.png
Laptop extra hűtő ventillátor – 1 hete,https://hardverapro.hu/apro/laptop_extra_huto_ventillator/hsz_1-50.html,https://cdn.rios.hu/dl/uad/2022-10/5777755/img_20221025_143622.jpg
Eaton 9130 UPS – 1 hete,https://hardverapro.hu/apro/eaton_9130_ups/hsz_1-50.html,https://cdn.rios.hu/dl/uad/2022-10/5777640/51310632_eaton-9130-3000va-tower-xl-103006437-6591.jpg
ps játékok (ajánlatokat várok) – 1 hete,https://hardverapro.hu/apro/ps_jatekok_ajanlatokat_varok/hsz_1-50.html,https://cdn.rios.hu/dl/uad/2022-10/5776341/280201409_7722913654417840_8337161495980061038_n.jpg
Ajtó - ablak. Van ami ingyen is vihető! – 1 hete,https://hardverapro.hu/apro/ajto_ablak_van_ami_ingyen_is_viheto/hsz_1-50.html,https://cdn.rios.hu/dl/uad/2022-10/5773093/20221015_092914.jpg
Számítógép és Laptop szerviz – 1 hete,https://hardverapro.hu/apro/szamitogep_es_laptop_szerviz_2/hsz_1-50.html,https://cdn.rios.hu/dl/uad/2022-10/5775200/logo1.jpg
Mercedes-Benz E W212 klímapanel ház – 2 hete,https://hardverapro.hu/apro/mercedes-benz_e_w212_klimapanel_haz/hsz_1-50.html,https://cdn.rios.hu/dl/uad/2022-10/5774879/1f1bb3eb-bd5e-4ea8-a340-e7b061331da4.jpeg
"Papírhulladék, kartondoboz ingyen elvihető – 2 hete",https://hardverapro.hu/apro/papirhulladek_kartondoboz_ingyen_elviheto/hsz_1-50.html,https://cdn.rios.hu/dl/uad/2022-10/5771556/d8a89c60-0eff-4603-8db7-59b296134add.jpeg
GTX1080 cserélném RTX2060-RTX2070-re!!! – 2 hete,https://hardverapro.hu/apro/gtx1080_cserelnem_rtx2060-rtx2070-re/hsz_1-50.html,https://cdn.rios.hu/dl/uad/2022-10/5768235/gtx_1080.webp
MSI Coreliquid 240R hibás – 2 hete,https://hardverapro.hu/apro/msi_coreliquid_240r_hibas/hsz_1-50.html,https://cdn.rios.hu/dl/uad/2022-10/5768477/309113777_1434369827089070_7194593393616436573_n.jpg
Számítógép szerelés – 4 hete,https://hardverapro.hu/apro/szamitogep_szereles_5/hsz_1-50.html,https://cdn.rios.hu/dl/uad/2022-10/5751524/received_780299496582810.jpeg
Mobil telefon alkatrészek - INGYEN – 4 hete,https://hardverapro.hu/apro/mobil_telefon_alkatreszek_ingyen_2/hsz_1-50.html,https://cdn.rios.hu/dl/uad/2022-10/5749749/img_20221002_092051.jpg
Tablet alkatrészek - INGYEN – 4 hete,https://hardverapro.hu/apro/tablet_alkatreszek_ingyen_2/hsz_1-50.html,https://cdn.rios.hu/dl/uad/2022-10/5749746/img_20221002_092407.jpg
Tablet alkatrészek - INGYEN – 4 hete,https://hardverapro.hu/apro/tablet_alkatreszek_ingyen/hsz_1-50.html,https://cdn.rios.hu/dl/uad/2022-10/5749742/img_20221002_092153.jpg
Mobil telefon alkatrészek - INGYEN – 4 hete,https://hardverapro.hu/apro/mobil_telefon_alkatreszek_ingyen/hsz_1-50.html,https://cdn.rios.hu/dl/uad/2022-10/5749735/img_20221002_091909.jpg
